company,region
AMP,Australia
ASB Bank,New Zealand
Aspen Medical,Australia
ASX,Australia
Computershare,Australia
Datacom,Australia
headspace,Australia
Health New Zealand | Te Whatu Ora,New Zealand
IAG,Australia
MNC,Australia
Monash Health,Australia
MUFG Pension & Market Services,Australia
NRI Australia & New Zealand,Australia/New Zealand
NSW Health,Australia
Planit,Australia
QBE Insurance,Australia
Ramsay Health Care,Australia
Reserve Bank of Australia,Australia
SA Health,Australia
Suncorp Group,Australia
The Royal Melbourne Hospital,Australia
Vantage,Australia
Westpac Group,Australia
Zip Co,Australia